"Message",Low,"正在启动 .NET Native 编译"
"Message",Low,""
"Message",Low,""
"Message",Low,"任务 ""Gatekeeper"""
"Message",Normal,"Launching 'C:\Users\steffen.xuan\.nuget\packages\microsoft.net.native.compiler\1.7.1\tools\x64\ilc\Tools\Gatekeeper.exe @""C:\Users\steffen.xuan\source\repos\phonebook\PhoneBook β1.0\obj\x64\Release\ilc\intermediate\gkargs.rsp""'"
"Message",Low,"Microsoft (R) .NET Native ���������汾 1.7.25626.00 "
"Message",Low,"Copyright (C) Microsoft Corporation.  All rights reserved. "
"Message",Low," "
"Message",Low,"���ڼ����򼯡�C:\Users\steffen.xuan\source\repos\phonebook\PhoneBook ��1.0\obj\x64\Release\ilc\in\PhoneBook ��1.0.exe����  "
"Message",Low,"���ڼ����򼯡�C:\Users\steffen.xuan\source\repos\phonebook\PhoneBook ��1.0\obj\x64\Release\ilc\in\SQLite.Net.dll����  "
"Message",Low,"���ڼ����򼯡�C:\Users\steffen.xuan\source\repos\phonebook\PhoneBook ��1.0\obj\x64\Release\ilc\in\SQLite.Net.Platform.WinRT.dll����  "
"Message",Low,"���ڼ����򼯡�C:\Users\steffen.xuan\source\repos\phonebook\PhoneBook ��1.0\obj\x64\Release\ilc\in\XamlAnimatedGif.dll����  "
"Message",Normal,"'C:\Users\steffen.xuan\.nuget\packages\microsoft.net.native.compiler\1.7.1\tools\x64\ilc\Tools\Gatekeeper.exe @""C:\Users\steffen.xuan\source\repos\phonebook\PhoneBook β1.0\obj\x64\Release\ilc\intermediate\gkargs.rsp""' completed."
"Message",Normal,"Process execution statistics (all times in milliseconds)"
"Message",Normal,"-----------------------------------------------------------------------------"
"Message",Normal,"launch  |  start   |   stop   |   end    | duration | lifetime | [slot] name"
"Message",Normal,"-----------------------------------------------------------------------------"
"Message",Normal,"       0 |        0 |      687 |      687 |      687 |      687 | [0] Gatekeeper"
"Message",Normal,"Number of commands:      1"
"Message",Normal,"Total system time:       687 ms"
"Message",Normal,"System time per command: 687 ms"
"Message",Normal,"Total duration:          687 ms"
"Message",Normal,"Total lifetime:          687 ms"
"Message",Normal,"Requested DOP:           4"
"Message",Normal,"Duration DOP:            1.0"
"Message",Normal,"Lifetime DOP:            1.0"
"Message",Low,"已完成执行任务 ""Gatekeeper""。"
"Message",Low,"已完成在文件 ""Preparation"" 中生成目标 ""RunGatekeeper""。"
"Message",Low,""
"Message",Low,"任务 ""InjectWindowsRuntimeTypeForwards"""
"Message",Normal,"Running 'InjectWindowsRuntimeTypeForwards' transform, heap at 15 MB."
"Message",Normal,"Running 'WriteAssemblies' transform, heap at 12 MB."
"Message",Normal,""
"Message",Normal,"Transform summary"
"Message",Normal,"    ms | heap delta | name"
"Message",Normal,"   443 |         -3 | InjectWindowsRuntimeTypeForwards"
"Message",Normal,"   424 |          1 | WriteAssemblies"
"Message",Low,"已完成执行任务 ""InjectWindowsRuntimeTypeForwards""。"
"Message",Low,"已完成在文件 ""Preparation"" 中生成目标 ""InjectWindowRuntimeTypeForwards""。"
"Message",Low,""
"Message",Low,"任务 ""PreResolveAssemblyClosure"""
"Message",Low,"已完成执行任务 ""PreResolveAssemblyClosure""。"
"Message",Low,"任务 ""PreResolveTransforms"""
"Message",Normal,"Running 'ResolveSelfReferences' transform, heap at 22 MB."
"Message",Normal,"Running 'RemoveDuplicateMembers' transform, heap at 38 MB."
"Message",Normal,"Running 'PortableLib' transform, heap at 38 MB."
"Message",Normal,"Running 'WriteAssemblies' transform, heap at 38 MB."
"Message",Normal,""
"Message",Normal,"Transform summary"
"Message",Normal,"    ms | heap delta | name"
"Message",Normal,"   174 |         16 | ResolveSelfReferences"
"Message",Normal,"     1 |          0 | PortableLib"
"Message",Normal,"     0 |          0 | WriteAssemblies"
"Message",Normal,"     0 |          0 | RemoveDuplicateMembers"
"Message",Low,"已完成执行任务 ""PreResolveTransforms""。"
"Message",Low,"已完成在文件 ""Preparation"" 中生成目标 ""PreResolveTransforms""。"
"Message",Low,""
"Message",Low,"任务 ""InitialAssemblyClosure"""
"Message",Low,"已完成执行任务 ""InitialAssemblyClosure""。"
"Message",Low,"任务 ""ResolveInitialReferencesAssemblyClosure1"""
"Message",Low,"已完成执行任务 ""ResolveInitialReferencesAssemblyClosure1""。"
"Message",Low,"任务 ""ResolveInitialReferencesAssemblyClosure2"""
"Message",Low,"已完成执行任务 ""ResolveInitialReferencesAssemblyClosure2""。"
"Message",Low,"已完成在文件 ""Preparation"" 中生成目标 ""ResolveInitialReferences""。"
"Message",Low,"已完成生成项目 ""Preparation""。"
"Message",Low,""
"Message",Low,""
"Message",High,"正在处理应用程序代码"
"Message",Low,"任务 ""ValidateSimpleNames"""
"Message",Low,"已完成执行任务 ""ValidateSimpleNames""。"
"Message",Low,"任务 ""McgContractsResolveFilePath"""
"Message",Low,"已完成执行任务 ""McgContractsResolveFilePath""。"
"Message",Low,"任务 ""McgFacadeResolveFilePath"""
"Message",Low,"已完成执行任务 ""McgFacadeResolveFilePath""。"
"Message",Low,"任务 ""FinalAssemblyClosureRootsResolveFilePaths"""
"Message",Low,"已完成执行任务 ""FinalAssemblyClosureRootsResolveFilePaths""。"
"Message",Low,"任务 ""FinalAssemblyClosure"""
"Message",Low,"已完成执行任务 ""FinalAssemblyClosure""。"
"Message",Low,"任务 ""RunILTransforms"""
"Message",Normal,"Running 'Analysis' transform, heap at 40 MB."
"Message",Low,"Loading 84 modules..."
"Message",Normal,"Imported reflection directives from 12 files:"
"Message",Normal,"C:\Users\steffen.xuan\source\repos\phonebook\PhoneBook β1.0\obj\x64\Release\ilc\in\Properties\Default.rd.xml"
"Message",Normal,"System.Diagnostics.Tracing 中的嵌入清单: Resources.System.Diagnostics.Tracing.rd.xml"
"Message",Normal,"System.Private.Reflection 中的嵌入清单: System.Private.Reflection.rd.xml"
"Message",Normal,"System.Private.CoreLib 中的嵌入清单: Resources.System.Private.CoreLib.rd.xml"
"Message",Normal,"System.Private.Uri 中的嵌入清单: Resources.System.Private.Uri.rd.xml"
"Message",Normal,"System.Private.Reflection.Core 中的嵌入清单: System.Private.Reflection.Core.rd.xml"
"Message",Normal,"System.Runtime.Serialization.Primitives 中的嵌入清单: System.Runtime.Serialization.Primitives.Resources.System.Runtime.Serialization.Primitives.rd.xml"
"Message",Normal,"System.Linq.Expressions 中的嵌入清单: Resources.System.Linq.Expressions.rd.xml"
"Message",Normal,"System.Private.DataContractSerialization 中的嵌入清单: System.Private.DataContractSerialization.Resources.System.Private.DataContractSerialization.rd.xml"
"Message",Normal,"System.Xml.ReaderWriter 中的嵌入清单: System.Xml.Resources.System.Xml.ReaderWriter.rd.xml"
"Message",Normal,"System.Xml.XmlSerializer 中的嵌入清单: System.Xml.XmlSerializer.Resources.System.Xml.XmlSerializer.rd.xml"
"Message",Normal,"System.Private.Interop 中的嵌入清单: Resources.System.Private.Interop.rd.xml"
"Message",Normal,"Imported XAML Roots from 1 files:"
"Message",Normal,"C:\Users\steffen.xuan\source\repos\phonebook\PhoneBook β1.0\obj\x64\Release\ilc\in\PhoneBook β1.0.xr.xml"
"Message",Normal,"Running 'Mcg' transform, heap at 195 MB."
"Message",High,"Computing application closure and generating interop code"
"Message",Normal,"  .lib 文件列表:"
"Message",Normal,"      WindowsApp.lib"
"Message",Normal,"      winsqlite3.lib"
"Message",Normal,"  .lib 搜索路径列表:"
"Message",Normal,"      C:\Program Files (x86)\Windows Kits\10\lib\10.0.10586.0\um\x64"
"Message",Normal,"  正在从库中加载导出..."
"Message",Normal,"      从“C:\Program Files (x86)\Windows Kits\10\lib\10.0.10586.0\um\x64\WindowsApp.lib”读取的 2409 个导出。"
"Message",Normal,"      从“C:\Program Files (x86)\Windows Kits\10\lib\10.0.10586.0\um\x64\winsqlite3.lib”读取的 221 个导出。"
"Message",High,"  正在加载 84 模块..."
"Message",Normal,"          P/Invoke 'sqlite3_open' resolved to 'winsqlite3.dll!sqlite3_open' from 'C:\Program Files (x86)\Windows Kits\10\lib\10.0.10586.0\um\x64\winsqlite3.lib'."
"Message",Normal,"          P/Invoke 'sqlite3_open_v2' resolved to 'winsqlite3.dll!sqlite3_open_v2' from 'C:\Program Files (x86)\Windows Kits\10\lib\10.0.10586.0\um\x64\winsqlite3.lib'."
"Message",Normal,"          P/Invoke 'sqlite3_open_v2' resolved to 'winsqlite3.dll!sqlite3_open_v2' from 'C:\Program Files (x86)\Windows Kits\10\lib\10.0.10586.0\um\x64\winsqlite3.lib'."
"Message",Normal,"          P/Invoke 'sqlite3_open16' resolved to 'winsqlite3.dll!sqlite3_open16' from 'C:\Program Files (x86)\Windows Kits\10\lib\10.0.10586.0\um\x64\winsqlite3.lib'."
"Message",Normal,"          P/Invoke 'sqlite3_close' resolved to 'winsqlite3.dll!sqlite3_close' from 'C:\Program Files (x86)\Windows Kits\10\lib\10.0.10586.0\um\x64\winsqlite3.lib'."
"Message",Normal,"          P/Invoke 'sqlite3_config' resolved to 'winsqlite3.dll!sqlite3_config' from 'C:\Program Files (x86)\Windows Kits\10\lib\10.0.10586.0\um\x64\winsqlite3.lib'."
"Message",Normal,"          P/Invoke 'sqlite3_win32_set_directory' resolved to 'winsqlite3.dll!sqlite3_win32_set_directory' from 'C:\Program Files (x86)\Windows Kits\10\lib\10.0.10586.0\um\x64\winsqlite3.lib'."
"Message",Normal,"          P/Invoke 'sqlite3_busy_timeout' resolved to 'winsqlite3.dll!sqlite3_busy_timeout' from 'C:\Program Files (x86)\Windows Kits\10\lib\10.0.10586.0\um\x64\winsqlite3.lib'."
"Message",Normal,"          P/Invoke 'sqlite3_changes' resolved to 'winsqlite3.dll!sqlite3_changes' from 'C:\Program Files (x86)\Windows Kits\10\lib\10.0.10586.0\um\x64\winsqlite3.lib'."
"Message",Normal,"          P/Invoke 'sqlite3_prepare_v2' resolved to 'winsqlite3.dll!sqlite3_prepare_v2' from 'C:\Program Files (x86)\Windows Kits\10\lib\10.0.10586.0\um\x64\winsqlite3.lib'."
"Message",Normal,"          P/Invoke 'sqlite3_step' resolved to 'winsqlite3.dll!sqlite3_step' from 'C:\Program Files (x86)\Windows Kits\10\lib\10.0.10586.0\um\x64\winsqlite3.lib'."
"Message",Normal,"          P/Invoke 'sqlite3_reset' resolved to 'winsqlite3.dll!sqlite3_reset' from 'C:\Program Files (x86)\Windows Kits\10\lib\10.0.10586.0\um\x64\winsqlite3.lib'."
"Message",Normal,"          P/Invoke 'sqlite3_finalize' resolved to 'winsqlite3.dll!sqlite3_finalize' from 'C:\Program Files (x86)\Windows Kits\10\lib\10.0.10586.0\um\x64\winsqlite3.lib'."
"Message",Normal,"          P/Invoke 'sqlite3_last_insert_rowid' resolved to 'winsqlite3.dll!sqlite3_last_insert_rowid' from 'C:\Program Files (x86)\Windows Kits\10\lib\10.0.10586.0\um\x64\winsqlite3.lib'."
"Message",Normal,"          P/Invoke 'sqlite3_errmsg16' resolved to 'winsqlite3.dll!sqlite3_errmsg16' from 'C:\Program Files (x86)\Windows Kits\10\lib\10.0.10586.0\um\x64\winsqlite3.lib'."
"Message",Normal,"          P/Invoke 'sqlite3_bind_parameter_index' resolved to 'winsqlite3.dll!sqlite3_bind_parameter_index' from 'C:\Program Files (x86)\Windows Kits\10\lib\10.0.10586.0\um\x64\winsqlite3.lib'."
"Message",Normal,"          P/Invoke 'sqlite3_bind_null' resolved to 'winsqlite3.dll!sqlite3_bind_null' from 'C:\Program Files (x86)\Windows Kits\10\lib\10.0.10586.0\um\x64\winsqlite3.lib'."
"Message",Normal,"          P/Invoke 'sqlite3_bind_int' resolved to 'winsqlite3.dll!sqlite3_bind_int' from 'C:\Program Files (x86)\Windows Kits\10\lib\10.0.10586.0\um\x64\winsqlite3.lib'."
"Message",Normal,"          P/Invoke 'sqlite3_bind_int64' resolved to 'winsqlite3.dll!sqlite3_bind_int64' from 'C:\Program Files (x86)\Windows Kits\10\lib\10.0.10586.0\um\x64\winsqlite3.lib'."
"Message",Normal,"          P/Invoke 'sqlite3_bind_double' resolved to 'winsqlite3.dll!sqlite3_bind_double' from 'C:\Program Files (x86)\Windows Kits\10\lib\10.0.10586.0\um\x64\winsqlite3.lib'."
"Message",Normal,"          P/Invoke 'sqlite3_bind_text16' resolved to 'winsqlite3.dll!sqlite3_bind_text16' from 'C:\Program Files (x86)\Windows Kits\10\lib\10.0.10586.0\um\x64\winsqlite3.lib'."
"Message",Normal,"          P/Invoke 'sqlite3_bind_blob' resolved to 'winsqlite3.dll!sqlite3_bind_blob' from 'C:\Program Files (x86)\Windows Kits\10\lib\10.0.10586.0\um\x64\winsqlite3.lib'."
"Message",Normal,"          P/Invoke 'sqlite3_column_count' resolved to 'winsqlite3.dll!sqlite3_column_count' from 'C:\Program Files (x86)\Windows Kits\10\lib\10.0.10586.0\um\x64\winsqlite3.lib'."
"Message",Normal,"          P/Invoke 'sqlite3_column_name' resolved to 'winsqlite3.dll!sqlite3_column_name' from 'C:\Program Files (x86)\Windows Kits\10\lib\10.0.10586.0\um\x64\winsqlite3.lib'."
"Message",Normal,"          P/Invoke 'sqlite3_column_name16' resolved to 'winsqlite3.dll!sqlite3_column_name16' from 'C:\Program Files (x86)\Windows Kits\10\lib\10.0.10586.0\um\x64\winsqlite3.lib'."
"Message",Normal,"          P/Invoke 'sqlite3_column_type' resolved to 'winsqlite3.dll!sqlite3_column_type' from 'C:\Program Files (x86)\Windows Kits\10\lib\10.0.10586.0\um\x64\winsqlite3.lib'."
"Message",Normal,"          P/Invoke 'sqlite3_column_int' resolved to 'winsqlite3.dll!sqlite3_column_int' from 'C:\Program Files (x86)\Windows Kits\10\lib\10.0.10586.0\um\x64\winsqlite3.lib'."
"Message",Normal,"          P/Invoke 'sqlite3_column_int64' resolved to 'winsqlite3.dll!sqlite3_column_int64' from 'C:\Program Files (x86)\Windows Kits\10\lib\10.0.10586.0\um\x64\winsqlite3.lib'."
"Message",Normal,"          P/Invoke 'sqlite3_column_double' resolved to 'winsqlite3.dll!sqlite3_column_double' from 'C:\Program Files (x86)\Windows Kits\10\lib\10.0.10586.0\um\x64\winsqlite3.lib'."
"Message",Normal,"          P/Invoke 'sqlite3_column_text' resolved to 'winsqlite3.dll!sqlite3_column_text' from 'C:\Program Files (x86)\Windows Kits\10\lib\10.0.10586.0\um\x64\winsqlite3.lib'."
"Message",Normal,"          P/Invoke 'sqlite3_column_text16' resolved to 'winsqlite3.dll!sqlite3_column_text16' from 'C:\Program Files (x86)\Windows Kits\10\lib\10.0.10586.0\um\x64\winsqlite3.lib'."
"Message",Normal,"          P/Invoke 'sqlite3_column_blob' resolved to 'winsqlite3.dll!sqlite3_column_blob' from 'C:\Program Files (x86)\Windows Kits\10\lib\10.0.10586.0\um\x64\winsqlite3.lib'."
"Message",Normal,"          P/Invoke 'sqlite3_column_bytes' resolved to 'winsqlite3.dll!sqlite3_column_bytes' from 'C:\Program Files (x86)\Windows Kits\10\lib\10.0.10586.0\um\x64\winsqlite3.lib'."
"Message",Normal,"          P/Invoke 'sqlite3_extended_errcode' resolved to 'winsqlite3.dll!sqlite3_extended_errcode' from 'C:\Program Files (x86)\Windows Kits\10\lib\10.0.10586.0\um\x64\winsqlite3.lib'."
"Message",Normal,"          P/Invoke 'sqlite3_libversion_number' resolved to 'winsqlite3.dll!sqlite3_libversion_number' from 'C:\Program Files (x86)\Windows Kits\10\lib\10.0.10586.0\um\x64\winsqlite3.lib'."
"Message",Normal,"          P/Invoke 'sqlite3_sourceid' resolved to 'winsqlite3.dll!sqlite3_sourceid' from 'C:\Program Files (x86)\Windows Kits\10\lib\10.0.10586.0\um\x64\winsqlite3.lib'."
"Message",Normal,"          P/Invoke 'sqlite3_backup_init' resolved to 'winsqlite3.dll!sqlite3_backup_init' from 'C:\Program Files (x86)\Windows Kits\10\lib\10.0.10586.0\um\x64\winsqlite3.lib'."
"Message",Normal,"          P/Invoke 'sqlite3_backup_step' resolved to 'winsqlite3.dll!sqlite3_backup_step' from 'C:\Program Files (x86)\Windows Kits\10\lib\10.0.10586.0\um\x64\winsqlite3.lib'."
"Message",Normal,"          P/Invoke 'sqlite3_backup_finish' resolved to 'winsqlite3.dll!sqlite3_backup_finish' from 'C:\Program Files (x86)\Windows Kits\10\lib\10.0.10586.0\um\x64\winsqlite3.lib'."
"Message",Normal,"          P/Invoke 'sqlite3_backup_remaining' resolved to 'winsqlite3.dll!sqlite3_backup_remaining' from 'C:\Program Files (x86)\Windows Kits\10\lib\10.0.10586.0\um\x64\winsqlite3.lib'."
"Message",Normal,"          P/Invoke 'sqlite3_backup_pagecount' resolved to 'winsqlite3.dll!sqlite3_backup_pagecount' from 'C:\Program Files (x86)\Windows Kits\10\lib\10.0.10586.0\um\x64\winsqlite3.lib'."
"Message",Normal,"          P/Invoke 'sqlite3_sleep' resolved to 'winsqlite3.dll!sqlite3_sleep' from 'C:\Program Files (x86)\Windows Kits\10\lib\10.0.10586.0\um\x64\winsqlite3.lib'."
"Message",Normal,"          P/Invoke 'RhWaitForPendingFinalizers' with [DllImport(ExactSpelling=true)] resolved to '[MRT]!RhWaitForPendingFinalizers'."
"Message",Normal,"          P/Invoke 'RhYield' with [DllImport(ExactSpelling=true)] resolved to '[MRT]!RhYield'."
"Message",Normal,"          P/Invoke 'RhCompatibleReentrantWaitAny' with [DllImport(ExactSpelling=true)] resolved to '[MRT]!RhCompatibleReentrantWaitAny'."
"Message",Normal,"          P/Invoke '_ecvt_s' with [DllImport(ExactSpelling=true)] resolved to '[MRT]!_ecvt_s'."
"Message",Normal,"          P/Invoke 'memmove' with [DllImport(ExactSpelling=true)] resolved to '[MRT]!memmove'."
"Message",Normal,"          P/Invoke 'CallingConventionConverter_GetStubs' with [DllImport(ExactSpelling=true)] resolved to '*!CallingConventionConverter_GetStubs'."
"Message",Normal,"          P/Invoke 'GetLastError' resolved to 'api-ms-win-core-errorhandling-l1-1-1.dll!GetLastError' from 'C:\Program Files (x86)\Windows Kits\10\lib\10.0.10586.0\um\x64\WindowsApp.lib'."
"Message",Normal,"          P/Invoke 'RoInitialize' resolved to 'api-ms-win-core-winrt-l1-1-0.dll!RoInitialize' from 'C:\Program Files (x86)\Windows Kits\10\lib\10.0.10586.0\um\x64\WindowsApp.lib'."
"Message",Normal,"          P/Invoke 'IsValidLocaleName' resolved to 'api-ms-win-core-localization-l1-2-1.dll!IsValidLocaleName' from 'C:\Program Files (x86)\Windows Kits\10\lib\10.0.10586.0\um\x64\WindowsApp.lib'."
"Message",Normal,"          P/Invoke 'ResolveLocaleName' resolved to 'api-ms-win-core-localization-l1-2-1.dll!ResolveLocaleName' from 'C:\Program Files (x86)\Windows Kits\10\lib\10.0.10586.0\um\x64\WindowsApp.lib'."
"Message",Normal,"          P/Invoke 'GetCPInfoExW' resolved to 'api-ms-win-core-localization-l1-2-1.dll!GetCPInfoExW' from 'C:\Program Files (x86)\Windows Kits\10\lib\10.0.10586.0\um\x64\WindowsApp.lib'."
"Message",Normal,"          P/Invoke 'CoCreateInstance' with [DllImport(ExactSpelling=true)] resolved to 'api-ms-win-core-com-l1-1-0.dll!CoCreateInstance'."
"Message",Normal,"          P/Invoke '#6' resolved to 'oleaut32.dll!#6' from 'C:\Program Files (x86)\Windows Kits\10\lib\10.0.10586.0\um\x64\WindowsApp.lib'."
"Message",Normal,"          P/Invoke 'RtlIpv6AddressToStringExW' resolved to 'ntdll.dll!RtlIpv6AddressToStringExW' from 'C:\Program Files (x86)\Windows Kits\10\lib\10.0.10586.0\um\x64\WindowsApp.lib'."
"Message",Normal,"          P/Invoke 'RtlIpv4AddressToStringExW' resolved to 'ntdll.dll!RtlIpv4AddressToStringExW' from 'C:\Program Files (x86)\Windows Kits\10\lib\10.0.10586.0\um\x64\WindowsApp.lib'."
"Message",Normal,"          P/Invoke 'RoGetBufferMarshaler' resolved to 'api-ms-win-core-winrt-robuffer-l1-1-0.dll!RoGetBufferMarshaler' from 'C:\Program Files (x86)\Windows Kits\10\lib\10.0.10586.0\um\x64\WindowsApp.lib'."
"Message",Normal,"          P/Invoke 'FormatMessageW' resolved to 'api-ms-win-core-localization-l1-2-1.dll!FormatMessageW' from 'C:\Program Files (x86)\Windows Kits\10\lib\10.0.10586.0\um\x64\WindowsApp.lib'."
"Message",High,"  正在生成代码..."
"Message",High,"  生成的互操作代码。"
"Message",Normal,"  将代码写入到 AssemblyInfo.g.cs"
"Message",Normal,"  将代码写入到 Adapters.g.cs"
"Message",Normal,"  将代码写入到 Data.g.cs"
"Message",Normal,"  将代码写入到 Helpers.g.cs"
"Message",Normal,"  将代码写入到 ImplTypes.g.cs"
"Message",Normal,"  将代码写入到 PInvoke.g.cs"
"Message",Normal,"  将代码写入到 SafeTypes.g.cs"
"Message",Normal,"  将代码写入到 SharedStubs.g.cs"
"Message",Normal,"Running 'GenerateCodeAndCompile' transform, heap at 166 MB."
"Message",High,"Generating serialization code"
"Message",High,"Compiling interop code"
"Message",Normal,"Compiling generated source code: C:\Users\steffen.xuan\.nuget\packages\microsoft.net.native.compiler\1.7.1\tools\x64\ilc\csc\csc.exe /noconfig @""C:\Users\steffen.xuan\source\repos\phonebook\PhoneBook β1.0\obj\x64\Release\ilc\intermediate\PhoneBook β1.0.McgInterop.rsp"""
"Message",Normal,"在多个程序集中找到类型“System.Net.Sockets.IPAddressExtensions”。"
"Message",Normal,"file:///C:/Users/steffen.xuan/source/repos/phonebook/PhoneBook β1.0/obj/x64/Release/ilc/in/System.Net.NameResolution.dll"
"Message",Normal,"file:///C:/Users/steffen.xuan/source/repos/phonebook/PhoneBook β1.0/obj/x64/Release/ilc/in/System.Net.Sockets.dll"
"Message",Normal,"在多个文件夹中找到程序集“System.Runtime.WindowsRuntime.dll”。"
"Message",Normal,"file:///C:/Users/steffen.xuan/source/repos/phonebook/PhoneBook β1.0/obj/x64/Release/ilc/intermediate/TransformedSRWR/System.Runtime.WindowsRuntime.dll"
"Message",Normal,"C:\Users\steffen.xuan\source\repos\phonebook\PhoneBook β1.0\obj\x64\Release\ilc\in\System.Runtime.WindowsRuntime.dll"
"Message",Normal,"在多个文件夹中找到程序集“PhoneBook β1.0.exe”。"
"Message",Normal,"file:///C:/Users/steffen.xuan/source/repos/phonebook/PhoneBook β1.0/obj/x64/Release/ilc/intermediate/PreMergeILTransformed/PhoneBook β1.0.exe"
"Message",Normal,"C:\Users\steffen.xuan\source\repos\phonebook\PhoneBook β1.0\obj\x64\Release\ilc\in\PhoneBook β1.0.exe"
"Message",Normal,"在多个文件夹中找到程序集“Microsoft.CSharp.dll”。"
"Message",Normal,"file:///C:/Users/steffen.xuan/source/repos/phonebook/PhoneBook β1.0/obj/x64/Release/ilc/in/Microsoft.CSharp.dll"
"Message",Normal,"C:\Users\steffen.xuan\source\repos\phonebook\PhoneBook β1.0\obj\x64\Release\ilc\in\Microsoft.CSharp.dll"
"Message",Normal,"在多个文件夹中找到程序集“Microsoft.VisualBasic.dll”。"
"Message",Normal,"file:///C:/Users/steffen.xuan/source/repos/phonebook/PhoneBook β1.0/obj/x64/Release/ilc/in/Microsoft.VisualBasic.dll"
"Message",Normal,"C:\Users\steffen.xuan\source\repos\phonebook\PhoneBook β1.0\obj\x64\Release\ilc\in\Microsoft.VisualBasic.dll"
"Message",Normal,"在多个文件夹中找到程序集“Microsoft.Win32.Primitives.dll”。"
"Message",Normal,"file:///C:/Users/steffen.xuan/source/repos/phonebook/PhoneBook β1.0/obj/x64/Release/ilc/in/Microsoft.Win32.Primitives.dll"
"Message",Normal,"C:\Users\steffen.xuan\source\repos\phonebook\PhoneBook β1.0\obj\x64\Release\ilc\in\Microsoft.Win32.Primitives.dll"
"Message",Normal,"在多个文件夹中找到程序集“mscorlib.dll”。"
"Message",Normal,"file:///C:/Users/steffen.xuan/source/repos/phonebook/PhoneBook β1.0/obj/x64/Release/ilc/in/mscorlib.dll"
"Message",Normal,"C:\Users\steffen.xuan\source\repos\phonebook\PhoneBook β1.0\obj\x64\Release\ilc\in\mscorlib.dll"
"Message",Normal,"在多个文件夹中找到程序集“SQLite.Net.dll”。"
"Message",Normal,"file:///C:/Users/steffen.xuan/source/repos/phonebook/PhoneBook β1.0/obj/x64/Release/ilc/in/SQLite.Net.dll"
"Message",Normal,"C:\Users\steffen.xuan\source\repos\phonebook\PhoneBook β1.0\obj\x64\Release\ilc\in\SQLite.Net.dll"
"Message",Normal,"在多个文件夹中找到程序集“SQLite.Net.Platform.WinRT.dll”。"
"Message",Normal,"file:///C:/Users/steffen.xuan/source/repos/phonebook/PhoneBook β1.0/obj/x64/Release/ilc/in/SQLite.Net.Platform.WinRT.dll"
"Message",Normal,"C:\Users\steffen.xuan\source\repos\phonebook\PhoneBook β1.0\obj\x64\Release\ilc\in\SQLite.Net.Platform.WinRT.dll"
"Message",Normal,"在多个文件夹中找到程序集“System.AppContext.dll”。"
"Message",Normal,"file:///C:/Users/steffen.xuan/source/repos/phonebook/PhoneBook β1.0/obj/x64/Release/ilc/in/System.AppContext.dll"
"Message",Normal,"C:\Users\steffen.xuan\source\repos\phonebook\PhoneBook β1.0\obj\x64\Release\ilc\in\System.AppContext.dll"
"Message",Normal,"在多个文件夹中找到程序集“System.Buffers.dll”。"
"Message",Normal,"file:///C:/Users/steffen.xuan/source/repos/phonebook/PhoneBook β1.0/obj/x64/Release/ilc/in/System.Buffers.dll"
"Message",Normal,"C:\Users\steffen.xuan\source\repos\phonebook\PhoneBook β1.0\obj\x64\Release\ilc\in\System.Buffers.dll"
"Message",Normal,"在多个文件夹中找到程序集“System.Collections.Concurrent.dll”。"
"Message",Normal,"file:///C:/Users/steffen.xuan/source/repos/phonebook/PhoneBook β1.0/obj/x64/Release/ilc/in/System.Collections.Concurrent.dll"
"Message",Normal,"C:\Users\steffen.xuan\source\repos\phonebook\PhoneBook β1.0\obj\x64\Release\ilc\in\System.Collections.Concurrent.dll"
"Message",Normal,"在多个文件夹中找到程序集“System.Collections.dll”。"
"Message",Normal,"file:///C:/Users/steffen.xuan/source/repos/phonebook/PhoneBook β1.0/obj/x64/Release/ilc/in/System.Collections.dll"
"Message",Normal,"C:\Users\steffen.xuan\source\repos\phonebook\PhoneBook β1.0\obj\x64\Release\ilc\in\System.Collections.dll"
"Message",Normal,"在多个文件夹中找到程序集“System.Collections.Immutable.dll”。"
"Message",Normal,"file:///C:/Users/steffen.xuan/source/repos/phonebook/PhoneBook β1.0/obj/x64/Release/ilc/in/System.Collections.Immutable.dll"
"Message",Normal,"C:\Users\steffen.xuan\source\repos\phonebook\PhoneBook β1.0\obj\x64\Release\ilc\in\System.Collections.Immutable.dll"
"Message",Normal,"在多个文件夹中找到程序集“System.Collections.NonGeneric.dll”。"
"Message",Normal,"file:///C:/Users/steffen.xuan/source/repos/phonebook/PhoneBook β1.0/obj/x64/Release/ilc/in/System.Collections.NonGeneric.dll"
"Message",Normal,"C:\Users\steffen.xuan\source\repos\phonebook\PhoneBook β1.0\obj\x64\Release\ilc\in\System.Collections.NonGeneric.dll"
"Message",Normal,"在多个文件夹中找到程序集“System.Collections.Specialized.dll”。"
"Message",Normal,"file:///C:/Users/steffen.xuan/source/repos/phonebook/PhoneBook β1.0/obj/x64/Release/ilc/in/System.Collections.Specialized.dll"
"Message",Normal,"C:\Users\steffen.xuan\source\repos\phonebook\PhoneBook β1.0\obj\x64\Release\ilc\in\System.Collections.Specialized.dll"
"Message",Normal,"在多个文件夹中找到程序集“System.ComponentModel.Annotations.dll”。"
"Message",Normal,"file:///C:/Users/steffen.xuan/source/repos/phonebook/PhoneBook β1.0/obj/x64/Release/ilc/in/System.ComponentModel.Annotations.dll"
"Message",Normal,"C:\Users\steffen.xuan\source\repos\phonebook\PhoneBook β1.0\obj\x64\Release\ilc\in\System.ComponentModel.Annotations.dll"
"Message",Normal,"在多个文件夹中找到程序集“System.ComponentModel.DataAnnotations.dll”。"
"Message",Normal,"file:///C:/Users/steffen.xuan/source/repos/phonebook/PhoneBook β1.0/obj/x64/Release/ilc/in/System.ComponentModel.DataAnnotations.dll"
"Message",Normal,"C:\Users\steffen.xuan\source\repos\phonebook\PhoneBook β1.0\obj\x64\Release\ilc\in\System.ComponentModel.DataAnnotations.dll"
"Message",Normal,"在多个文件夹中找到程序集“System.ComponentModel.dll”。"
"Message",Normal,"file:///C:/Users/steffen.xuan/source/repos/phonebook/PhoneBook β1.0/obj/x64/Release/ilc/in/System.ComponentModel.dll"
"Message",Normal,"C:\Users\steffen.xuan\source\repos\phonebook\PhoneBook β1.0\obj\x64\Release\ilc\in\System.ComponentModel.dll"
"Message",Normal,"在多个文件夹中找到程序集“System.ComponentModel.EventBasedAsync.dll”。"
"Message",Normal,"file:///C:/Users/steffen.xuan/source/repos/phonebook/PhoneBook β1.0/obj/x64/Release/ilc/in/System.ComponentModel.EventBasedAsync.dll"
"Message",Normal,"C:\Users\steffen.xuan\source\repos\phonebook\PhoneBook β1.0\obj\x64\Release\ilc\in\System.ComponentModel.EventBasedAsync.dll"
"Message",Normal,"在多个文件夹中找到程序集“System.Core.dll”。"
"Message",Normal,"file:///C:/Users/steffen.xuan/source/repos/phonebook/PhoneBook β1.0/obj/x64/Release/ilc/in/System.Core.dll"
"Message",Normal,"C:\Users\steffen.xuan\source\repos\phonebook\PhoneBook β1.0\obj\x64\Release\ilc\in\System.Core.dll"
"Message",Normal,"在多个文件夹中找到程序集“System.Data.Common.dll”。"
"Message",Normal,"file:///C:/Users/steffen.xuan/source/repos/phonebook/PhoneBook β1.0/obj/x64/Release/ilc/in/System.Data.Common.dll"
"Message",Normal,"C:\Users\steffen.xuan\source\repos\phonebook\PhoneBook β1.0\obj\x64\Release\ilc\in\System.Data.Common.dll"
"Message",Normal,"在多个文件夹中找到程序集“System.Diagnostics.Contracts.dll”。"
"Message",Normal,"file:///C:/Users/steffen.xuan/source/repos/phonebook/PhoneBook β1.0/obj/x64/Release/ilc/in/System.Diagnostics.Contracts.dll"
"Message",Normal,"C:\Users\steffen.xuan\source\repos\phonebook\PhoneBook β1.0\obj\x64\Release\ilc\in\System.Diagnostics.Contracts.dll"
"Message",Normal,"在多个文件夹中找到程序集“System.Diagnostics.Debug.dll”。"
"Message",Normal,"file:///C:/Users/steffen.xuan/source/repos/phonebook/PhoneBook β1.0/obj/x64/Release/ilc/in/System.Diagnostics.Debug.dll"
"Message",Normal,"C:\Users\steffen.xuan\source\repos\phonebook\PhoneBook β1.0\obj\x64\Release\ilc\in\System.Diagnostics.Debug.dll"
"Message",Normal,"在多个文件夹中找到程序集“System.Diagnostics.DiagnosticSource.dll”。"
"Message",Normal,"file:///C:/Users/steffen.xuan/source/repos/phonebook/PhoneBook β1.0/obj/x64/Release/ilc/in/System.Diagnostics.DiagnosticSource.dll"
"Message",Normal,"C:\Users\steffen.xuan\source\repos\phonebook\PhoneBook β1.0\obj\x64\Release\ilc\in\System.Diagnostics.DiagnosticSource.dll"
"Message",Normal,"在多个文件夹中找到程序集“System.Diagnostics.StackTrace.dll”。"
"Message",Normal,"file:///C:/Users/steffen.xuan/source/repos/phonebook/PhoneBook β1.0/obj/x64/Release/ilc/in/System.Diagnostics.StackTrace.dll"
"Message",Normal,"C:\Users\steffen.xuan\source\repos\phonebook\PhoneBook β1.0\obj\x64\Release\ilc\in\System.Diagnostics.StackTrace.dll"
"Message",Normal,"在多个文件夹中找到程序集“System.Diagnostics.Tools.dll”。"
"Message",Normal,"file:///C:/Users/steffen.xuan/source/repos/phonebook/PhoneBook β1.0/obj/x64/Release/ilc/in/System.Diagnostics.Tools.dll"
"Message",Normal,"C:\Users\steffen.xuan\source\repos\phonebook\PhoneBook β1.0\obj\x64\Release\ilc\in\System.Diagnostics.Tools.dll"
"Message",Normal,"在多个文件夹中找到程序集“System.Diagnostics.Tracing.dll”。"
"Message",Normal,"file:///C:/Users/steffen.xuan/source/repos/phonebook/PhoneBook β1.0/obj/x64/Release/ilc/in/System.Diagnostics.Tracing.dll"
"Message",Normal,"C:\Users\steffen.xuan\source\repos\phonebook\PhoneBook β1.0\obj\x64\Release\ilc\in\System.Diagnostics.Tracing.dll"
"Message",Normal,"在多个文件夹中找到程序集“System.dll”。"
"Message",Normal,"file:///C:/Users/steffen.xuan/source/repos/phonebook/PhoneBook β1.0/obj/x64/Release/ilc/in/System.dll"
"Message",Normal,"C:\Users\steffen.xuan\source\repos\phonebook\PhoneBook β1.0\obj\x64\Release\ilc\in\System.dll"
"Message",Normal,"在多个文件夹中找到程序集“System.Dynamic.Runtime.dll”。"
"Message",Normal,"file:///C:/Users/steffen.xuan/source/repos/phonebook/PhoneBook β1.0/obj/x64/Release/ilc/in/System.Dynamic.Runtime.dll"
"Message",Normal,"C:\Users\steffen.xuan\source\repos\phonebook\PhoneBook β1.0\obj\x64\Release\ilc\in\System.Dynamic.Runtime.dll"
"Message",Normal,"在多个文件夹中找到程序集“System.Globalization.Calendars.dll”。"
"Message",Normal,"file:///C:/Users/steffen.xuan/source/repos/phonebook/PhoneBook β1.0/obj/x64/Release/ilc/in/System.Globalization.Calendars.dll"
"Message",Normal,"C:\Users\steffen.xuan\source\repos\phonebook\PhoneBook β1.0\obj\x64\Release\ilc\in\System.Globalization.Calendars.dll"
"Message",Normal,"在多个文件夹中找到程序集“System.Globalization.dll”。"
"Message",Normal,"file:///C:/Users/steffen.xuan/source/repos/phonebook/PhoneBook β1.0/obj/x64/Release/ilc/in/System.Globalization.dll"
"Message",Normal,"C:\Users\steffen.xuan\source\repos\phonebook\PhoneBook β1.0\obj\x64\Release\ilc\in\System.Globalization.dll"
"Message",Normal,"在多个文件夹中找到程序集“System.Globalization.Extensions.dll”。"
"Message",Normal,"file:///C:/Users/steffen.xuan/source/repos/phonebook/PhoneBook β1.0/obj/x64/Release/ilc/in/System.Globalization.Extensions.dll"
"Message",Normal,"C:\Users\steffen.xuan\source\repos\phonebook\PhoneBook β1.0\obj\x64\Release\ilc\in\System.Globalization.Extensions.dll"
"Message",Normal,"在多个文件夹中找到程序集“System.IO.Compression.dll”。"
"Message",Normal,"file:///C:/Users/steffen.xuan/source/repos/phonebook/PhoneBook β1.0/obj/x64/Release/ilc/in/System.IO.Compression.dll"
"Message",Normal,"C:\Users\steffen.xuan\source\repos\phonebook\PhoneBook β1.0\obj\x64\Release\ilc\in\System.IO.Compression.dll"
"Message",Normal,"在多个文件夹中找到程序集“System.IO.Compression.ZipFile.dll”。"
"Message",Normal,"file:///C:/Users/steffen.xuan/source/repos/phonebook/PhoneBook β1.0/obj/x64/Release/ilc/in/System.IO.Compression.ZipFile.dll"
"Message",Normal,"C:\Users\steffen.xuan\source\repos\phonebook\PhoneBook β1.0\obj\x64\Release\ilc\in\System.IO.Compression.ZipFile.dll"
"Message",Normal,"在多个文件夹中找到程序集“System.IO.dll”。"
"Message",Normal,"file:///C:/Users/steffen.xuan/source/repos/phonebook/PhoneBook β1.0/obj/x64/Release/ilc/in/System.IO.dll"
"Message",Normal,"C:\Users\steffen.xuan\source\repos\phonebook\PhoneBook β1.0\obj\x64\Release\ilc\in\System.IO.dll"
"Message",Normal,"在多个文件夹中找到程序集“System.IO.FileSystem.dll”。"
"Message",Normal,"file:///C:/Users/steffen.xuan/source/repos/phonebook/PhoneBook β1.0/obj/x64/Release/ilc/in/System.IO.FileSystem.dll"
"Message",Normal,"C:\Users\steffen.xuan\source\repos\phonebook\PhoneBook β1.0\obj\x64\Release\ilc\in\System.IO.FileSystem.dll"
"Message",Normal,"在多个文件夹中找到程序集“System.IO.FileSystem.Primitives.dll”。"
"Message",Normal,"file:///C:/Users/steffen.xuan/source/repos/phonebook/PhoneBook β1.0/obj/x64/Release/ilc/in/System.IO.FileSystem.Primitives.dll"
"Message",Normal,"C:\Users\steffen.xuan\source\repos\phonebook\PhoneBook β1.0\obj\x64\Release\ilc\in\System.IO.FileSystem.Primitives.dll"
"Message",Normal,"在多个文件夹中找到程序集“System.IO.IsolatedStorage.dll”。"
"Message",Normal,"file:///C:/Users/steffen.xuan/source/repos/phonebook/PhoneBook β1.0/obj/x64/Release/ilc/in/System.IO.IsolatedStorage.dll"
"Message",Normal,"C:\Users\steffen.xuan\source\repos\phonebook\PhoneBook β1.0\obj\x64\Release\ilc\in\System.IO.IsolatedStorage.dll"
"Message",Normal,"在多个文件夹中找到程序集“System.IO.UnmanagedMemoryStream.dll”。"
"Message",Normal,"file:///C:/Users/steffen.xuan/source/repos/phonebook/PhoneBook β1.0/obj/x64/Release/ilc/in/System.IO.UnmanagedMemoryStream.dll"
"Message",Normal,"C:\Users\steffen.xuan\source\repos\phonebook\PhoneBook β1.0\obj\x64\Release\ilc\in\System.IO.UnmanagedMemoryStream.dll"
"Message",Normal,"在多个文件夹中找到程序集“System.Linq.dll”。"
"Message",Normal,"file:///C:/Users/steffen.xuan/source/repos/phonebook/PhoneBook β1.0/obj/x64/Release/ilc/in/System.Linq.dll"
"Message",Normal,"C:\Users\steffen.xuan\source\repos\phonebook\PhoneBook β1.0\obj\x64\Release\ilc\in\System.Linq.dll"
"Message",Normal,"在多个文件夹中找到程序集“System.Linq.Expressions.dll”。"
"Message",Normal,"file:///C:/Users/steffen.xuan/source/repos/phonebook/PhoneBook β1.0/obj/x64/Release/ilc/in/System.Linq.Expressions.dll"
"Message",Normal,"C:\Users\steffen.xuan\source\repos\phonebook\PhoneBook β1.0\obj\x64\Release\ilc\in\System.Linq.Expressions.dll"
"Message",Normal,"在多个文件夹中找到程序集“System.Linq.Parallel.dll”。"
"Message",Normal,"file:///C:/Users/steffen.xuan/source/repos/phonebook/PhoneBook β1.0/obj/x64/Release/ilc/in/System.Linq.Parallel.dll"
"Message",Normal,"C:\Users\steffen.xuan\source\repos\phonebook\PhoneBook β1.0\obj\x64\Release\ilc\in\System.Linq.Parallel.dll"
"Message",Normal,"在多个文件夹中找到程序集“System.Linq.Queryable.dll”。"
"Message",Normal,"file:///C:/Users/steffen.xuan/source/repos/phonebook/PhoneBook β1.0/obj/x64/Release/ilc/in/System.Linq.Queryable.dll"
"Message",Normal,"C:\Users\steffen.xuan\source\repos\phonebook\PhoneBook β1.0\obj\x64\Release\ilc\in\System.Linq.Queryable.dll"
"Message",Normal,"在多个文件夹中找到程序集“System.Net.dll”。"
"Message",Normal,"file:///C:/Users/steffen.xuan/source/repos/phonebook/PhoneBook β1.0/obj/x64/Release/ilc/in/System.Net.dll"
"Message",Normal,"C:\Users\steffen.xuan\source\repos\phonebook\PhoneBook β1.0\obj\x64\Release\ilc\in\System.Net.dll"
"Message",Normal,"在多个文件夹中找到程序集“System.Net.Http.dll”。"
"Message",Normal,"file:///C:/Users/steffen.xuan/source/repos/phonebook/PhoneBook β1.0/obj/x64/Release/ilc/in/System.Net.Http.dll"
"Message",Normal,"C:\Users\steffen.xuan\source\repos\phonebook\PhoneBook β1.0\obj\x64\Release\ilc\in\System.Net.Http.dll"
"Message",Normal,"在多个文件夹中找到程序集“System.Net.Http.Rtc.dll”。"
"Message",Normal,"file:///C:/Users/steffen.xuan/source/repos/phonebook/PhoneBook β1.0/obj/x64/Release/ilc/in/System.Net.Http.Rtc.dll"
"Message",Normal,"C:\Users\steffen.xuan\source\repos\phonebook\PhoneBook β1.0\obj\x64\Release\ilc\in\System.Net.Http.Rtc.dll"
"Message",Normal,"在多个文件夹中找到程序集“System.Net.NameResolution.dll”。"
"Message",Normal,"file:///C:/Users/steffen.xuan/source/repos/phonebook/PhoneBook β1.0/obj/x64/Release/ilc/in/System.Net.NameResolution.dll"
"Message",Normal,"C:\Users\steffen.xuan\source\repos\phonebook\PhoneBook β1.0\obj\x64\Release\ilc\in\System.Net.NameResolution.dll"
"Message",Normal,"在多个文件夹中找到程序集“System.Net.NetworkInformation.dll”。"
"Message",Normal,"file:///C:/Users/steffen.xuan/source/repos/phonebook/PhoneBook β1.0/obj/x64/Release/ilc/in/System.Net.NetworkInformation.dll"
"Message",Normal,"C:\Users\steffen.xuan\source\repos\phonebook\PhoneBook β1.0\obj\x64\Release\ilc\in\System.Net.NetworkInformation.dll"
"Message",Normal,"在多个文件夹中找到程序集“System.Net.Primitives.dll”。"
"Message",Normal,"file:///C:/Users/steffen.xuan/source/repos/phonebook/PhoneBook β1.0/obj/x64/Release/ilc/in/System.Net.Primitives.dll"
"Message",Normal,"C:\Users\steffen.xuan\source\repos\phonebook\PhoneBook β1.0\obj\x64\Release\ilc\in\System.Net.Primitives.dll"
"Message",Normal,"在多个文件夹中找到程序集“System.Net.Requests.dll”。"
"Message",Normal,"file:///C:/Users/steffen.xuan/source/repos/phonebook/PhoneBook β1.0/obj/x64/Release/ilc/in/System.Net.Requests.dll"
"Message",Normal,"C:\Users\steffen.xuan\source\repos\phonebook\PhoneBook β1.0\obj\x64\Release\ilc\in\System.Net.Requests.dll"
"Message",Normal,"在多个文件夹中找到程序集“System.Net.Sockets.dll”。"
"Message",Normal,"file:///C:/Users/steffen.xuan/source/repos/phonebook/PhoneBook β1.0/obj/x64/Release/ilc/in/System.Net.Sockets.dll"
"Message",Normal,"C:\Users\steffen.xuan\source\repos\phonebook\PhoneBook β1.0\obj\x64\Release\ilc\in\System.Net.Sockets.dll"
"Message",Normal,"在多个文件夹中找到程序集“System.Net.WebHeaderCollection.dll”。"
"Message",Normal,"file:///C:/Users/steffen.xuan/source/repos/phonebook/PhoneBook β1.0/obj/x64/Release/ilc/in/System.Net.WebHeaderCollection.dll"
"Message",Normal,"C:\Users\steffen.xuan\source\repos\phonebook\PhoneBook β1.0\obj\x64\Release\ilc\in\System.Net.WebHeaderCollection.dll"
"Message",Normal,"在多个文件夹中找到程序集“System.Net.WebSockets.Client.dll”。"
"Message",Normal,"file:///C:/Users/steffen.xuan/source/repos/phonebook/PhoneBook β1.0/obj/x64/Release/ilc/in/System.Net.WebSockets.Client.dll"
"Message",Normal,"C:\Users\steffen.xuan\source\repos\phonebook\PhoneBook β1.0\obj\x64\Release\ilc\in\System.Net.WebSockets.Client.dll"
"Message",Normal,"在多个文件夹中找到程序集“System.Net.WebSockets.dll”。"
"Message",Normal,"file:///C:/Users/steffen.xuan/source/repos/phonebook/PhoneBook β1.0/obj/x64/Release/ilc/in/System.Net.WebSockets.dll"
"Message",Normal,"C:\Users\steffen.xuan\source\repos\phonebook\PhoneBook β1.0\obj\x64\Release\ilc\in\System.Net.WebSockets.dll"
"Message",Normal,"在多个文件夹中找到程序集“System.Numerics.dll”。"
"Message",Normal,"file:///C:/Users/steffen.xuan/source/repos/phonebook/PhoneBook β1.0/obj/x64/Release/ilc/in/System.Numerics.dll"
"Message",Normal,"C:\Users\steffen.xuan\source\repos\phonebook\PhoneBook β1.0\obj\x64\Release\ilc\in\System.Numerics.dll"
"Message",Normal,"在多个文件夹中找到程序集“System.Numerics.Vectors.dll”。"
"Message",Normal,"file:///C:/Users/steffen.xuan/source/repos/phonebook/PhoneBook β1.0/obj/x64/Release/ilc/in/System.Numerics.Vectors.dll"
"Message",Normal,"C:\Users\steffen.xuan\source\repos\phonebook\PhoneBook β1.0\obj\x64\Release\ilc\in\System.Numerics.Vectors.dll"
"Message",Normal,"在多个文件夹中找到程序集“System.Numerics.Vectors.WindowsRuntime.dll”。"
"Message",Normal,"file:///C:/Users/steffen.xuan/source/repos/phonebook/PhoneBook β1.0/obj/x64/Release/ilc/in/System.Numerics.Vectors.WindowsRuntime.dll"
"Message",Normal,"C:\Users\steffen.xuan\source\repos\phonebook\PhoneBook β1.0\obj\x64\Release\ilc\in\System.Numerics.Vectors.WindowsRuntime.dll"
"Message",Normal,"在多个文件夹中找到程序集“System.ObjectModel.dll”。"
"Message",Normal,"file:///C:/Users/steffen.xuan/source/repos/phonebook/PhoneBook β1.0/obj/x64/Release/ilc/in/System.ObjectModel.dll"
"Message",Normal,"C:\Users\steffen.xuan\source\repos\phonebook\PhoneBook β1.0\obj\x64\Release\ilc\in\System.ObjectModel.dll"
"Message",Normal,"在多个文件夹中找到程序集“System.Private.DataContractSerialization.dll”。"
"Message",Normal,"file:///C:/Users/steffen.xuan/source/repos/phonebook/PhoneBook β1.0/obj/x64/Release/ilc/in/System.Private.DataContractSerialization.dll"
"Message",Normal,"C:\Users\steffen.xuan\source\repos\phonebook\PhoneBook β1.0\obj\x64\Release\ilc\in\System.Private.DataContractSerialization.dll"
"Message",Normal,"在多个文件夹中找到程序集“System.Private.ServiceModel.dll”。"
"Message",Normal,"file:///C:/Users/steffen.xuan/source/repos/phonebook/PhoneBook β1.0/obj/x64/Release/ilc/in/System.Private.ServiceModel.dll"
"Message",Normal,"C:\Users\steffen.xuan\source\repos\phonebook\PhoneBook β1.0\obj\x64\Release\ilc\in\System.Private.ServiceModel.dll"
"Message",Normal,"在多个文件夹中找到程序集“System.Private.Uri.dll”。"
"Message",Normal,"file:///C:/Users/steffen.xuan/source/repos/phonebook/PhoneBook β1.0/obj/x64/Release/ilc/in/System.Private.Uri.dll"
"Message",Normal,"C:\Users\steffen.xuan\source\repos\phonebook\PhoneBook β1.0\obj\x64\Release\ilc\in\System.Private.Uri.dll"
"Message",Normal,"在多个文件夹中找到程序集“System.Reflection.Context.dll”。"
"Message",Normal,"file:///C:/Users/steffen.xuan/source/repos/phonebook/PhoneBook β1.0/obj/x64/Release/ilc/in/System.Reflection.Context.dll"
"Message",Normal,"C:\Users\steffen.xuan\source\repos\phonebook\PhoneBook β1.0\obj\x64\Release\ilc\in\System.Reflection.Context.dll"
"Message",Normal,"在多个文件夹中找到程序集“System.Reflection.DispatchProxy.dll”。"
"Message",Normal,"file:///C:/Users/steffen.xuan/source/repos/phonebook/PhoneBook β1.0/obj/x64/Release/ilc/in/System.Reflection.DispatchProxy.dll"
"Message",Normal,"C:\Users\steffen.xuan\source\repos\phonebook\PhoneBook β1.0\obj\x64\Release\ilc\in\System.Reflection.DispatchProxy.dll"
"Message",Normal,"在多个文件夹中找到程序集“System.Reflection.dll”。"
"Message",Normal,"file:///C:/Users/steffen.xuan/source/repos/phonebook/PhoneBook β1.0/obj/x64/Release/ilc/in/System.Reflection.dll"
"Message",Normal,"C:\Users\steffen.xuan\source\repos\phonebook\PhoneBook β1.0\obj\x64\Release\ilc\in\System.Reflection.dll"
"Message",Normal,"在多个文件夹中找到程序集“System.Reflection.Emit.dll”。"
"Message",Normal,"file:///C:/Users/steffen.xuan/source/repos/phonebook/PhoneBook β1.0/obj/x64/Release/ilc/in/System.Reflection.Emit.dll"
"Message",Normal,"C:\Users\steffen.xuan\source\repos\phonebook\PhoneBook β1.0\obj\x64\Release\ilc\in\System.Reflection.Emit.dll"
"Message",Normal,"在多个文件夹中找到程序集“System.Reflection.Extensions.dll”。"
"Message",Normal,"file:///C:/Users/steffen.xuan/source/repos/phonebook/PhoneBook β1.0/obj/x64/Release/ilc/in/System.Reflection.Extensions.dll"
"Message",Normal,"C:\Users\steffen.xuan\source\repos\phonebook\PhoneBook β1.0\obj\x64\Release\ilc\in\System.Reflection.Extensions.dll"
"Message",Normal,"在多个文件夹中找到程序集“System.Reflection.Metadata.dll”。"
"Message",Normal,"file:///C:/Users/steffen.xuan/source/repos/phonebook/PhoneBook β1.0/obj/x64/Release/ilc/in/System.Reflection.Metadata.dll"
"Message",Normal,"C:\Users\steffen.xuan\source\repos\phonebook\PhoneBook β1.0\obj\x64\Release\ilc\in\System.Reflection.Metadata.dll"
"Message",Normal,"在多个文件夹中找到程序集“System.Reflection.Primitives.dll”。"
"Message",Normal,"file:///C:/Users/steffen.xuan/source/repos/phonebook/PhoneBook β1.0/obj/x64/Release/ilc/in/System.Reflection.Primitives.dll"
"Message",Normal,"C:\Users\steffen.xuan\source\repos\phonebook\PhoneBook β1.0\obj\x64\Release\ilc\in\System.Reflection.Primitives.dll"
"Message",Normal,"在多个文件夹中找到程序集“System.Reflection.TypeExtensions.dll”。"
"Message",Normal,"file:///C:/Users/steffen.xuan/source/repos/phonebook/PhoneBook β1.0/obj/x64/Release/ilc/in/System.Reflection.TypeExtensions.dll"
"Message",Normal,"C:\Users\steffen.xuan\source\repos\phonebook\PhoneBook β1.0\obj\x64\Release\ilc\in\System.Reflection.TypeExtensions.dll"
"Message",Normal,"在多个文件夹中找到程序集“System.Resources.ResourceManager.dll”。"
"Message",Normal,"file:///C:/Users/steffen.xuan/source/repos/phonebook/PhoneBook β1.0/obj/x64/Release/ilc/in/System.Resources.ResourceManager.dll"
"Message",Normal,"C:\Users\steffen.xuan\source\repos\phonebook\PhoneBook β1.0\obj\x64\Release\ilc\in\System.Resources.ResourceManager.dll"
"Message",Normal,"在多个文件夹中找到程序集“System.Runtime.dll”。"
"Message",Normal,"file:///C:/Users/steffen.xuan/source/repos/phonebook/PhoneBook β1.0/obj/x64/Release/ilc/in/System.Runtime.dll"
"Message",Normal,"C:\Users\steffen.xuan\source\repos\phonebook\PhoneBook β1.0\obj\x64\Release\ilc\in\System.Runtime.dll"
"Message",Normal,"在多个文件夹中找到程序集“System.Runtime.Extensions.dll”。"
"Message",Normal,"file:///C:/Users/steffen.xuan/source/repos/phonebook/PhoneBook β1.0/obj/x64/Release/ilc/in/System.Runtime.Extensions.dll"
"Message",Normal,"C:\Users\steffen.xuan\source\repos\phonebook\PhoneBook β1.0\obj\x64\Release\ilc\in\System.Runtime.Extensions.dll"
"Message",Normal,"在多个文件夹中找到程序集“System.Runtime.Handles.dll”。"
"Message",Normal,"file:///C:/Users/steffen.xuan/source/repos/phonebook/PhoneBook β1.0/obj/x64/Release/ilc/in/System.Runtime.Handles.dll"
"Message",Normal,"C:\Users\steffen.xuan\source\repos\phonebook\PhoneBook β1.0\obj\x64\Release\ilc\in\System.Runtime.Handles.dll"
"Message",Normal,"在多个文件夹中找到程序集“System.Runtime.InteropServices.dll”。"
"Message",Normal,"file:///C:/Users/steffen.xuan/source/repos/phonebook/PhoneBook β1.0/obj/x64/Release/ilc/in/System.Runtime.InteropServices.dll"
"Message",Normal,"C:\Users\steffen.xuan\source\repos\phonebook\PhoneBook β1.0\obj\x64\Release\ilc\in\System.Runtime.InteropServices.dll"
"Message",Normal,"在多个文件夹中找到程序集“System.Runtime.InteropServices.WindowsRuntime.dll”。"
"Message",Normal,"file:///C:/Users/steffen.xuan/source/repos/phonebook/PhoneBook β1.0/obj/x64/Release/ilc/in/System.Runtime.InteropServices.WindowsRuntime.dll"
"Message",Normal,"C:\Users\steffen.xuan\source\repos\phonebook\PhoneBook β1.0\obj\x64\Release\ilc\in\System.Runtime.InteropServices.WindowsRuntime.dll"
"Message",Normal,"在多个文件夹中找到程序集“System.Runtime.Numerics.dll”。"
"Message",Normal,"file:///C:/Users/steffen.xuan/source/repos/phonebook/PhoneBook β1.0/obj/x64/Release/ilc/in/System.Runtime.Numerics.dll"
"Message",Normal,"C:\Users\steffen.xuan\source\repos\phonebook\PhoneBook β1.0\obj\x64\Release\ilc\in\System.Runtime.Numerics.dll"
"Message",Normal,"在多个文件夹中找到程序集“System.Runtime.Serialization.dll”。"
"Message",Normal,"file:///C:/Users/steffen.xuan/source/repos/phonebook/PhoneBook β1.0/obj/x64/Release/ilc/in/System.Runtime.Serialization.dll"
"Message",Normal,"C:\Users\steffen.xuan\source\repos\phonebook\PhoneBook β1.0\obj\x64\Release\ilc\in\System.Runtime.Serialization.dll"
"Message",Normal,"在多个文件夹中找到程序集“System.Runtime.Serialization.Json.dll”。"
"Message",Normal,"file:///C:/Users/steffen.xuan/source/repos/phonebook/PhoneBook β1.0/obj/x64/Release/ilc/in/System.Runtime.Serialization.Json.dll"
"Message",Normal,"C:\Users\steffen.xuan\source\repos\phonebook\PhoneBook β1.0\obj\x64\Release\ilc\in\System.Runtime.Serialization.Json.dll"
"Message",Normal,"在多个文件夹中找到程序集“System.Runtime.Serialization.Primitives.dll”。"
"Message",Normal,"file:///C:/Users/steffen.xuan/source/repos/phonebook/PhoneBook β1.0/obj/x64/Release/ilc/in/System.Runtime.Serialization.Primitives.dll"
"Message",Normal,"C:\Users\steffen.xuan\source\repos\phonebook\PhoneBook β1.0\obj\x64\Release\ilc\in\System.Runtime.Serialization.Primitives.dll"
"Message",Normal,"在多个文件夹中找到程序集“System.Runtime.Serialization.Xml.dll”。"
"Message",Normal,"file:///C:/Users/steffen.xuan/source/repos/phonebook/PhoneBook β1.0/obj/x64/Release/ilc/in/System.Runtime.Serialization.Xml.dll"
"Message",Normal,"C:\Users\steffen.xuan\source\repos\phonebook\PhoneBook β1.0\obj\x64\Release\ilc\in\System.Runtime.Serialization.Xml.dll"
"Message",Normal,"在多个文件夹中找到程序集“System.Runtime.WindowsRuntime.dll”。"
"Message",Normal,"file:///C:/Users/steffen.xuan/source/repos/phonebook/PhoneBook β1.0/obj/x64/Release/ilc/intermediate/TransformedSRWR/System.Runtime.WindowsRuntime.dll"
"Message",Normal,"C:\Users\steffen.xuan\source\repos\phonebook\PhoneBook β1.0\obj\x64\Release\ilc\in\System.Runtime.WindowsRuntime.dll"
"Message",Normal,"在多个文件夹中找到程序集“System.Runtime.WindowsRuntime.UI.Xaml.dll”。"
"Message",Normal,"file:///C:/Users/steffen.xuan/source/repos/phonebook/PhoneBook β1.0/obj/x64/Release/ilc/in/System.Runtime.WindowsRuntime.UI.Xaml.dll"
"Message",Normal,"C:\Users\steffen.xuan\source\repos\phonebook\PhoneBook β1.0\obj\x64\Release\ilc\in\System.Runtime.WindowsRuntime.UI.Xaml.dll"
"Message",Normal,"在多个文件夹中找到程序集“System.Security.Claims.dll”。"
"Message",Normal,"file:///C:/Users/steffen.xuan/source/repos/phonebook/PhoneBook β1.0/obj/x64/Release/ilc/in/System.Security.Claims.dll"
"Message",Normal,"C:\Users\steffen.xuan\source\repos\phonebook\PhoneBook β1.0\obj\x64\Release\ilc\in\System.Security.Claims.dll"
"Message",Normal,"在多个文件夹中找到程序集“System.Security.Cryptography.Algorithms.dll”。"
"Message",Normal,"file:///C:/Users/steffen.xuan/source/repos/phonebook/PhoneBook β1.0/obj/x64/Release/ilc/in/System.Security.Cryptography.Algorithms.dll"
"Message",Normal,"C:\Users\steffen.xuan\source\repos\phonebook\PhoneBook β1.0\obj\x64\Release\ilc\in\System.Security.Cryptography.Algorithms.dll"
"Message",Normal,"在多个文件夹中找到程序集“System.Security.Cryptography.Cng.dll”。"
"Message",Normal,"file:///C:/Users/steffen.xuan/source/repos/phonebook/PhoneBook β1.0/obj/x64/Release/ilc/in/System.Security.Cryptography.Cng.dll"
"Message",Normal,"C:\Users\steffen.xuan\source\repos\phonebook\PhoneBook β1.0\obj\x64\Release\ilc\in\System.Security.Cryptography.Cng.dll"
"Message",Normal,"在多个文件夹中找到程序集“System.Security.Cryptography.Encoding.dll”。"
"Message",Normal,"file:///C:/Users/steffen.xuan/source/repos/phonebook/PhoneBook β1.0/obj/x64/Release/ilc/in/System.Security.Cryptography.Encoding.dll"
"Message",Normal,"C:\Users\steffen.xuan\source\repos\phonebook\PhoneBook β1.0\obj\x64\Release\ilc\in\System.Security.Cryptography.Encoding.dll"
"Message",Normal,"在多个文件夹中找到程序集“System.Security.Cryptography.Primitives.dll”。"
"Message",Normal,"file:///C:/Users/steffen.xuan/source/repos/phonebook/PhoneBook β1.0/obj/x64/Release/ilc/in/System.Security.Cryptography.Primitives.dll"
"Message",Normal,"C:\Users\steffen.xuan\source\repos\phonebook\PhoneBook β1.0\obj\x64\Release\ilc\in\System.Security.Cryptography.Primitives.dll"
"Message",Normal,"在多个文件夹中找到程序集“System.Security.Cryptography.X509Certificates.dll”。"
"Message",Normal,"file:///C:/Users/steffen.xuan/source/repos/phonebook/PhoneBook β1.0/obj/x64/Release/ilc/in/System.Security.Cryptography.X509Certificates.dll"
"Message",Normal,"C:\Users\steffen.xuan\source\repos\phonebook\PhoneBook β1.0\obj\x64\Release\ilc\in\System.Security.Cryptography.X509Certificates.dll"
"Message",Normal,"在多个文件夹中找到程序集“System.Security.Principal.dll”。"
"Message",Normal,"file:///C:/Users/steffen.xuan/source/repos/phonebook/PhoneBook β1.0/obj/x64/Release/ilc/in/System.Security.Principal.dll"
"Message",Normal,"C:\Users\steffen.xuan\source\repos\phonebook\PhoneBook β1.0\obj\x64\Release\ilc\in\System.Security.Principal.dll"
"Message",Normal,"在多个文件夹中找到程序集“System.ServiceModel.dll”。"
"Message",Normal,"file:///C:/Users/steffen.xuan/source/repos/phonebook/PhoneBook β1.0/obj/x64/Release/ilc/in/System.ServiceModel.dll"
"Message",Normal,"C:\Users\steffen.xuan\source\repos\phonebook\PhoneBook β1.0\obj\x64\Release\ilc\in\System.ServiceModel.dll"
"Message",Normal,"在多个文件夹中找到程序集“System.ServiceModel.Duplex.dll”。"
"Message",Normal,"file:///C:/Users/steffen.xuan/source/repos/phonebook/PhoneBook β1.0/obj/x64/Release/ilc/in/System.ServiceModel.Duplex.dll"
"Message",Normal,"C:\Users\steffen.xuan\source\repos\phonebook\PhoneBook β1.0\obj\x64\Release\ilc\in\System.ServiceModel.Duplex.dll"
"Message",Normal,"在多个文件夹中找到程序集“System.ServiceModel.Http.dll”。"
"Message",Normal,"file:///C:/Users/steffen.xuan/source/repos/phonebook/PhoneBook β1.0/obj/x64/Release/ilc/in/System.ServiceModel.Http.dll"
"Message",Normal,"C:\Users\steffen.xuan\source\repos\phonebook\PhoneBook β1.0\obj\x64\Release\ilc\in\System.ServiceModel.Http.dll"
"Message",Normal,"在多个文件夹中找到程序集“System.ServiceModel.NetTcp.dll”。"
"Message",Normal,"file:///C:/Users/steffen.xuan/source/repos/phonebook/PhoneBook β1.0/obj/x64/Release/ilc/in/System.ServiceModel.NetTcp.dll"
"Message",Normal,"C:\Users\steffen.xuan\source\repos\phonebook\PhoneBook β1.0\obj\x64\Release\ilc\in\System.ServiceModel.NetTcp.dll"
"Message",Normal,"在多个文件夹中找到程序集“System.ServiceModel.Primitives.dll”。"
"Message",Normal,"file:///C:/Users/steffen.xuan/source/repos/phonebook/PhoneBook β1.0/obj/x64/Release/ilc/in/System.ServiceModel.Primitives.dll"
"Message",Normal,"C:\Users\steffen.xuan\source\repos\phonebook\PhoneBook β1.0\obj\x64\Release\ilc\in\System.ServiceModel.Primitives.dll"
"Message",Normal,"在多个文件夹中找到程序集“System.ServiceModel.Security.dll”。"
"Message",Normal,"file:///C:/Users/steffen.xuan/source/repos/phonebook/PhoneBook β1.0/obj/x64/Release/ilc/in/System.ServiceModel.Security.dll"
"Message",Normal,"C:\Users\steffen.xuan\source\repos\phonebook\PhoneBook β1.0\obj\x64\Release\ilc\in\System.ServiceModel.Security.dll"
"Message",Normal,"在多个文件夹中找到程序集“System.ServiceModel.Web.dll”。"
"Message",Normal,"file:///C:/Users/steffen.xuan/source/repos/phonebook/PhoneBook β1.0/obj/x64/Release/ilc/in/System.ServiceModel.Web.dll"
"Message",Normal,"C:\Users\steffen.xuan\source\repos\phonebook\PhoneBook β1.0\obj\x64\Release\ilc\in\System.ServiceModel.Web.dll"
"Message",Normal,"在多个文件夹中找到程序集“System.Text.Encoding.CodePages.dll”。"
"Message",Normal,"file:///C:/Users/steffen.xuan/source/repos/phonebook/PhoneBook β1.0/obj/x64/Release/ilc/in/System.Text.Encoding.CodePages.dll"
"Message",Normal,"C:\Users\steffen.xuan\source\repos\phonebook\PhoneBook β1.0\obj\x64\Release\ilc\in\System.Text.Encoding.CodePages.dll"
"Message",Normal,"在多个文件夹中找到程序集“System.Text.Encoding.dll”。"
"Message",Normal,"file:///C:/Users/steffen.xuan/source/repos/phonebook/PhoneBook β1.0/obj/x64/Release/ilc/in/System.Text.Encoding.dll"
"Message",Normal,"C:\Users\steffen.xuan\source\repos\phonebook\PhoneBook β1.0\obj\x64\Release\ilc\in\System.Text.Encoding.dll"
"Message",Normal,"在多个文件夹中找到程序集“System.Text.Encoding.Extensions.dll”。"
"Message",Normal,"file:///C:/Users/steffen.xuan/source/repos/phonebook/PhoneBook β1.0/obj/x64/Release/ilc/in/System.Text.Encoding.Extensions.dll"
"Message",Normal,"C:\Users\steffen.xuan\source\repos\phonebook\PhoneBook β1.0\obj\x64\Release\ilc\in\System.Text.Encoding.Extensions.dll"
"Message",Normal,"在多个文件夹中找到程序集“System.Text.RegularExpressions.dll”。"
"Message",Normal,"file:///C:/Users/steffen.xuan/source/repos/phonebook/PhoneBook β1.0/obj/x64/Release/ilc/in/System.Text.RegularExpressions.dll"
"Message",Normal,"C:\Users\steffen.xuan\source\repos\phonebook\PhoneBook β1.0\obj\x64\Release\ilc\in\System.Text.RegularExpressions.dll"
"Message",Normal,"在多个文件夹中找到程序集“System.Threading.dll”。"
"Message",Normal,"file:///C:/Users/steffen.xuan/source/repos/phonebook/PhoneBook β1.0/obj/x64/Release/ilc/in/System.Threading.dll"
"Message",Normal,"C:\Users\steffen.xuan\source\repos\phonebook\PhoneBook β1.0\obj\x64\Release\ilc\in\System.Threading.dll"
"Message",Normal,"在多个文件夹中找到程序集“System.Threading.Overlapped.dll”。"
"Message",Normal,"file:///C:/Users/steffen.xuan/source/repos/phonebook/PhoneBook β1.0/obj/x64/Release/ilc/in/System.Threading.Overlapped.dll"
"Message",Normal,"C:\Users\steffen.xuan\source\repos\phonebook\PhoneBook β1.0\obj\x64\Release\ilc\in\System.Threading.Overlapped.dll"
"Message",Normal,"在多个文件夹中找到程序集“System.Threading.Tasks.Dataflow.dll”。"
"Message",Normal,"file:///C:/Users/steffen.xuan/source/repos/phonebook/PhoneBook β1.0/obj/x64/Release/ilc/in/System.Threading.Tasks.Dataflow.dll"
"Message",Normal,"C:\Users\steffen.xuan\source\repos\phonebook\PhoneBook β1.0\obj\x64\Release\ilc\in\System.Threading.Tasks.Dataflow.dll"
"Message",Normal,"在多个文件夹中找到程序集“System.Threading.Tasks.dll”。"
"Message",Normal,"file:///C:/Users/steffen.xuan/source/repos/phonebook/PhoneBook β1.0/obj/x64/Release/ilc/in/System.Threading.Tasks.dll"
"Message",Normal,"C:\Users\steffen.xuan\source\repos\phonebook\PhoneBook β1.0\obj\x64\Release\ilc\in\System.Threading.Tasks.dll"
"Message",Normal,"在多个文件夹中找到程序集“System.Threading.Tasks.Extensions.dll”。"
"Message",Normal,"file:///C:/Users/steffen.xuan/source/repos/phonebook/PhoneBook β1.0/obj/x64/Release/ilc/in/System.Threading.Tasks.Extensions.dll"
"Message",Normal,"C:\Users\steffen.xuan\source\repos\phonebook\PhoneBook β1.0\obj\x64\Release\ilc\in\System.Threading.Tasks.Extensions.dll"
"Message",Normal,"在多个文件夹中找到程序集“System.Threading.Tasks.Parallel.dll”。"
"Message",Normal,"file:///C:/Users/steffen.xuan/source/repos/phonebook/PhoneBook β1.0/obj/x64/Release/ilc/in/System.Threading.Tasks.Parallel.dll"
"Message",Normal,"C:\Users\steffen.xuan\source\repos\phonebook\PhoneBook β1.0\obj\x64\Release\ilc\in\System.Threading.Tasks.Parallel.dll"
"Message",Normal,"在多个文件夹中找到程序集“System.Threading.Timer.dll”。"
"Message",Normal,"file:///C:/Users/steffen.xuan/source/repos/phonebook/PhoneBook β1.0/obj/x64/Release/ilc/in/System.Threading.Timer.dll"
"Message",Normal,"C:\Users\steffen.xuan\source\repos\phonebook\PhoneBook β1.0\obj\x64\Release\ilc\in\System.Threading.Timer.dll"
"Message",Normal,"在多个文件夹中找到程序集“System.Windows.dll”。"
"Message",Normal,"file:///C:/Users/steffen.xuan/source/repos/phonebook/PhoneBook β1.0/obj/x64/Release/ilc/in/System.Windows.dll"
"Message",Normal,"C:\Users\steffen.xuan\source\repos\phonebook\PhoneBook β1.0\obj\x64\Release\ilc\in\System.Windows.dll"
"Message",Normal,"在多个文件夹中找到程序集“System.Xml.dll”。"
"Message",Normal,"file:///C:/Users/steffen.xuan/source/repos/phonebook/PhoneBook β1.0/obj/x64/Release/ilc/in/System.Xml.dll"
"Message",Normal,"C:\Users\steffen.xuan\source\repos\phonebook\PhoneBook β1.0\obj\x64\Release\ilc\in\System.Xml.dll"
"Message",Normal,"在多个文件夹中找到程序集“System.Xml.Linq.dll”。"
"Message",Normal,"file:///C:/Users/steffen.xuan/source/repos/phonebook/PhoneBook β1.0/obj/x64/Release/ilc/in/System.Xml.Linq.dll"
"Message",Normal,"C:\Users\steffen.xuan\source\repos\phonebook\PhoneBook β1.0\obj\x64\Release\ilc\in\System.Xml.Linq.dll"
"Message",Normal,"在多个文件夹中找到程序集“System.Xml.ReaderWriter.dll”。"
"Message",Normal,"file:///C:/Users/steffen.xuan/source/repos/phonebook/PhoneBook β1.0/obj/x64/Release/ilc/in/System.Xml.ReaderWriter.dll"
"Message",Normal,"C:\Users\steffen.xuan\source\repos\phonebook\PhoneBook β1.0\obj\x64\Release\ilc\in\System.Xml.ReaderWriter.dll"
"Message",Normal,"在多个文件夹中找到程序集“System.Xml.Serialization.dll”。"
"Message",Normal,"file:///C:/Users/steffen.xuan/source/repos/phonebook/PhoneBook β1.0/obj/x64/Release/ilc/in/System.Xml.Serialization.dll"
"Message",Normal,"C:\Users\steffen.xuan\source\repos\phonebook\PhoneBook β1.0\obj\x64\Release\ilc\in\System.Xml.Serialization.dll"
"Message",Normal,"在多个文件夹中找到程序集“System.Xml.XDocument.dll”。"
"Message",Normal,"file:///C:/Users/steffen.xuan/source/repos/phonebook/PhoneBook β1.0/obj/x64/Release/ilc/in/System.Xml.XDocument.dll"
"Message",Normal,"C:\Users\steffen.xuan\source\repos\phonebook\PhoneBook β1.0\obj\x64\Release\ilc\in\System.Xml.XDocument.dll"
"Message",Normal,"在多个文件夹中找到程序集“System.Xml.XmlDocument.dll”。"
"Message",Normal,"file:///C:/Users/steffen.xuan/source/repos/phonebook/PhoneBook β1.0/obj/x64/Release/ilc/in/System.Xml.XmlDocument.dll"
"Message",Normal,"C:\Users\steffen.xuan\source\repos\phonebook\PhoneBook β1.0\obj\x64\Release\ilc\in\System.Xml.XmlDocument.dll"
"Message",Normal,"在多个文件夹中找到程序集“System.Xml.XmlSerializer.dll”。"
"Message",Normal,"file:///C:/Users/steffen.xuan/source/repos/phonebook/PhoneBook β1.0/obj/x64/Release/ilc/in/System.Xml.XmlSerializer.dll"
"Message",Normal,"C:\Users\steffen.xuan\source\repos\phonebook\PhoneBook β1.0\obj\x64\Release\ilc\in\System.Xml.XmlSerializer.dll"
"Message",Normal,"在多个文件夹中找到程序集“XamlAnimatedGif.dll”。"
"Message",Normal,"file:///C:/Users/steffen.xuan/source/repos/phonebook/PhoneBook β1.0/obj/x64/Release/ilc/in/XamlAnimatedGif.dll"
"Message",Normal,"C:\Users\steffen.xuan\source\repos\phonebook\PhoneBook β1.0\obj\x64\Release\ilc\in\XamlAnimatedGif.dll"
"Message",Normal,"在多个文件夹中找到程序集“PhoneBook β1.0.exe”。"
"Message",Normal,"file:///C:/Users/steffen.xuan/source/repos/phonebook/PhoneBook β1.0/obj/x64/Release/ilc/intermediate/PreMergeILTransformed/PhoneBook β1.0.exe"
"Message",Normal,"C:\Users\steffen.xuan\source\repos\phonebook\PhoneBook β1.0\obj\x64\Release\ilc\in\PhoneBook β1.0.exe"
"Message",Normal,"在多个程序集中找到类型“System.DBNull”。"
"Message",Normal,"file:///C:/Users/steffen.xuan/source/repos/phonebook/PhoneBook β1.0/obj/x64/Release/ilc/in/System.Data.Common.dll"
"Message",Normal,"file:///C:/Users/steffen.xuan/.nuget/packages/microsoft.net.native.compiler/1.7.1/tools/x64/ilc/lib/Private/System.Private.Reflection.Core.dll"
"Message",Normal,"在多个程序集中找到类型“System.Reflection.BindingFlags”。"
"Message",Normal,"file:///C:/Users/steffen.xuan/source/repos/phonebook/PhoneBook β1.0/obj/x64/Release/ilc/in/System.Reflection.TypeExtensions.dll"
"Message",Normal,"file:///C:/Users/steffen.xuan/.nuget/packages/microsoft.net.native.compiler/1.7.1/tools/x64/ilc/lib/Private/System.Private.Reflection.dll"
"Message",High,"Generating System.Reflection.DispatchProxy proxy code."
"Message",Normal,"Running 'DumpNativeResources' transform, heap at 166 MB."
"Message",Normal,"Running 'ReducedCopyInitialize' transform, heap at 166 MB."
"Message",Normal,"Running 'ReducedCopyEmptyTypes' transform, heap at 191 MB."
"Message",Normal,"Running 'ReducedCopyPopulateTypes' transform, heap at 194 MB."
"Message",Normal,"Running 'ReducedCopyLateMetadata' transform, heap at 215 MB."
"Message",Normal,"Running 'ReducedCopyMethodBodies' transform, heap at 231 MB."
"Message",Normal,"Running 'ReducedCopyComplete' transform, heap at 190 MB."
"Message",Normal,"Running 'ReducedCopyCleanup' transform, heap at 210 MB."
"Message",Normal,"Running 'DeveloperExperienceModeOnlyCodeRemover' transform, heap at 55 MB."
"Message",Normal,"Running 'ComImportDetector' transform, heap at 62 MB."
"Message",Normal,"Running 'McgAccessor' transform, heap at 62 MB."
"Message",Normal,"Running 'McgRedirect' transform, heap at 63 MB."
"Message",Normal,"Running 'McgRedirect' transform, heap at 66 MB."
"Message",Normal,"Running 'McgTypeOf' transform, heap at 67 MB."
"Message",Normal,"Running 'ExceptionMiniaturizer' transform, heap at 73 MB."
"Message",Normal,"Running 'EventSource' transform, heap at 83 MB."
"Message",Normal,"Running 'ValueType' transform, heap at 84 MB."
"Message",Normal,"Running 'Attribute' transform, heap at 84 MB."
"Message",Normal,"Running 'GetType' transform, heap at 84 MB."
"Message",Normal,"Running 'McgFixups' transform, heap at 85 MB."
"Message",Normal,"Running 'ResourceManagerCtor' transform, heap at 86 MB."
"Message",Normal,"Running 'TypeofTypeHandle' transform, heap at 86 MB."
"Message",Normal,"Running 'DispatchProxyIntrinsics' transform, heap at 89 MB."
"Message",Normal,"Running 'StaticInitData' transform, heap at 89 MB."
"Message",Normal,"Running 'StartupCodeInjector' transform, heap at 101 MB."
"Message",Normal,"Running 'InjectAppContextSwitches' transform, heap at 101 MB."
"Message",Normal,"Running 'ImplementLibraryDynamicInvokeHelpers' transform, heap at 101 MB."
"Message",Normal,"Running 'Delegate' transform, heap at 101 MB."
"Message",Normal,"Running 'DelegateCtorCall' transform, heap at 110 MB."
"Message",Normal,"Running 'LazyGenerics' transform, heap at 110 MB."
"Message",Normal,"Running 'AddReflectionBlockedAttributes' transform, heap at 127 MB."
"Message",Normal,"Running 'DisableOptimization' transform, heap at 127 MB."
"Message",Normal,"Running 'CreateMetadata' transform, heap at 127 MB."
"Message",Normal,"Running 'SaveRVAStatics' transform, heap at 146 MB."
"Message",Normal,"Running 'ReflectionInvoke' transform, heap at 147 MB."
"Message",Normal,"Running 'ScrubOpenCalls' transform, heap at 148 MB."
"Message",Normal,"Running 'ConvertCatchIntoFilter' transform, heap at 148 MB."
"Message",Normal,"Running 'ReflectionMappingInfoEmit' transform, heap at 148 MB."
"Message",Normal,"Running 'ConvertManagedWinMD' transform, heap at 150 MB."
"Message",Normal,"Running 'Reducer' transform, heap at 150 MB."
"Message",High,"Cleaning up unreferenced code"
"Message",Normal,"Running 'WriteAssemblies' transform, heap at 161 MB."
"Message",Normal,""
"Message",Normal,"Transform summary"
"Message",Normal,"    ms | heap delta | name"
"Message",Normal,"  7567 |        155 | Analysis"
"Message",Normal,"  6821 |          0 | GenerateCodeAndCompile"
"Message",Normal,"  2556 |         57 | WriteAssemblies"
"Message",Normal,"  1633 |         11 | Reducer"
"Message",Normal,"  1194 |        -29 | Mcg"
"Message",Normal,"   384 |        -41 | ReducedCopyMethodBodies"
"Message",Normal,"   258 |         20 | ReducedCopyComplete"
"Message",Normal,"   256 |         19 | CreateMetadata"
"Message",Normal,"   210 |         21 | ReducedCopyPopulateTypes"
"Message",Normal,"   171 |         25 | ReducedCopyInitialize"
"Message",Normal,"   122 |         17 | LazyGenerics"
"Message",Normal,"   121 |         16 | ReducedCopyLateMetadata"
"Message",Normal,"   111 |          6 | McgTypeOf"
"Message",Normal,"   100 |          3 | McgRedirect"
"Message",Normal,"    99 |       -155 | ReducedCopyCleanup"
"Message",Normal,"    96 |         12 | StaticInitData"
"Message",Normal,"    61 |          1 | McgRedirect"
"Message",Normal,"    50 |         10 | ExceptionMiniaturizer"
"Message",Normal,"    46 |          3 | TypeofTypeHandle"
"Message",Normal,"    40 |          9 | Delegate"
"Message",Normal,"    29 |          0 | DelegateCtorCall"
"Message",Normal,"    24 |          1 | SaveRVAStatics"
"Message",Normal,"    20 |          1 | McgAccessor"
"Message",Normal,"    18 |          3 | ReducedCopyEmptyTypes"
"Message",Normal,"    13 |          1 | GetType"
"Message",Normal,"    12 |          1 | McgFixups"
"Message",Normal,"     9 |          0 | ScrubOpenCalls"
"Message",Normal,"     9 |          7 | DeveloperExperienceModeOnlyCodeRemover"
"Message",Normal,"     8 |          0 | DispatchProxyIntrinsics"
"Message",Normal,"     7 |          0 | DumpNativeResources"
"Message",Normal,"     4 |          0 | ConvertCatchIntoFilter"
"Message",Normal,"     3 |          2 | ReflectionMappingInfoEmit"
"Message",Normal,"     3 |          1 | ReflectionInvoke"
"Message",Normal,"     3 |          0 | StartupCodeInjector"
"Message",Normal,"     2 |          0 | Attribute"
"Message",Normal,"     2 |          0 | ValueType"
"Message",Normal,"     1 |          1 | EventSource"
"Message",Normal,"     0 |          0 | ConvertManagedWinMD"
"Message",Normal,"     0 |          0 | ComImportDetector"
"Message",Normal,"     0 |          0 | ResourceManagerCtor"
"Message",Normal,"     0 |          0 | AddReflectionBlockedAttributes"
"Message",Normal,"     0 |          0 | InjectAppContextSwitches"
"Message",Normal,"     0 |          0 | ImplementLibraryDynamicInvokeHelpers"
"Message",Normal,"     0 |          0 | DisableOptimization"
"Message",Low,"已完成执行任务 ""RunILTransforms""。"
"Message",Low,"已完成在文件 ""ILTransforms"" 中生成目标 ""RunILTransforms""。"
"Message",Low,"已完成生成项目 ""ILTransforms""。"
"Message",Low,""
"Message",Low,""
"Message",Low,"已完成在文件 ""Nutc"" 中生成目标 ""GenerateMDIL""。"
"Message",Low,""
"Message",High,"正在生成本机代码"
"Message",Low,"已完成在文件 ""Nutc"" 中生成目标 ""MDILPrepareMultiFile""。"
"Message",Low,""
"Message",Low,"已完成在文件 ""Nutc"" 中生成目标 ""SetBinaryForReferences""。"
"Message",Low,""
"Message",Low,"任务 ""GenerateMDILGlobalAnalysis"""
"Message",Normal,"Launching 'C:\Users\steffen.xuan\.nuget\packages\microsoft.net.native.compiler\1.7.1\tools\x64\ilc\Tools\nutc_driver.exe @""C:\Users\steffen.xuan\source\repos\phonebook\PhoneBook β1.0\obj\x64\Release\ilc\intermediate\MDIL\PhoneBook β1.0.rsp""'"
"Message",Low,"Microsoft (R) MDIL Compiler - Version 1.7.25626.00"
"Message",Low,"Copyright (c) Microsoft Corporation.  All rights reserved."
"Message",Low,"正在扫描输入类型"
"Message",Low,"正在扫描 4041 方法。"
"Message",Low,"正在扫描 2294 方法。"
"Message",Low,"正在扫描 1210 方法。"
"Message",Low,"正在扫描 776 方法。"
"Message",Low,"正在扫描 3017 方法。"
"Message",Low,"正在扫描 2118 方法。"
"Message",Low,"正在扫描 1321 方法。"
"Message",Low,"正在扫描 1044 方法。"
"Message",Low,"正在扫描 779 方法。"
"Message",Low,"正在扫描 473 方法。"
"Message",Low,"正在扫描 375 方法。"
"Message",Low,"正在扫描 229 方法。"
"Message",Low,"正在扫描 109 方法。"
"Message",Low,"正在扫描 119 方法。"
"Message",Low,"正在扫描 80 方法。"
"Message",Low,"正在扫描 85 方法。"
"Message",Low,"正在扫描 106 方法。"
"Message",Low,"正在扫描 46 方法。"
"Message",Low,"正在扫描 7 方法。"
"Message",Low,"正在扫描 5 方法。"
"Message",Low,"正在扫描 3 方法。"
"Message",Low,"正在扫描 3 方法。"
"Message",Low,"正在扫描 6 方法。"
"Message",Low,"正在扫描 3 方法。"
"Message",Low,"迫切生成代码"
"Message",Low,"正在编译 18249 方法。"
"Message",Low,"延迟生成代码"
"Message",Low,"已成功生成“C:\Users\steffen.xuan\source\repos\phonebook\PhoneBook β1.0\obj\x64\Release\ilc\intermediate\MDIL\PhoneBook β1.0.mdilexe”"
"Message",Low,"已成功生成“C:\Users\steffen.xuan\source\repos\phonebook\PhoneBook β1.0\obj\x64\Release\ilc\intermediate\MDIL\PhoneBook β1.0.mdilpdb”"
"Message",Normal,"'C:\Users\steffen.xuan\.nuget\packages\microsoft.net.native.compiler\1.7.1\tools\x64\ilc\Tools\nutc_driver.exe @""C:\Users\steffen.xuan\source\repos\phonebook\PhoneBook β1.0\obj\x64\Release\ilc\intermediate\MDIL\PhoneBook β1.0.rsp""' completed."
"Message",Normal,"Process execution statistics (all times in milliseconds)"
"Message",Normal,"-----------------------------------------------------------------------------"
"Message",Normal,"launch  |  start   |   stop   |   end    | duration | lifetime | [slot] name"
"Message",Normal,"-----------------------------------------------------------------------------"
"Message",Normal,"       0 |        0 |    16219 |    16219 |    16219 |    16219 | [0] Nutc GlobalAnalysis"
"Message",Normal,"Number of commands:      1"
"Message",Normal,"Total system time:       16219 ms"
"Message",Normal,"System time per command: 16219 ms"
"Message",Normal,"Total duration:          16219 ms"
"Message",Normal,"Total lifetime:          16219 ms"
"Message",Normal,"Requested DOP:           4"
"Message",Normal,"Duration DOP:            1.0"
"Message",Normal,"Lifetime DOP:            1.0"
"Message",Low,"已完成执行任务 ""GenerateMDILGlobalAnalysis""。"
"Message",Low,"已完成在文件 ""Nutc"" 中生成目标 ""GenerateMDILGlobalAnalysis""。"
"Message",Low,""
"Message",Low,"任务 ""rc"""
"Message",Normal,"Launching 'C:\Program Files (x86)\Windows Kits\10\bin\x64\rc.exe /c ""65001"" /r /fo ""C:\Users\steffen.xuan\source\repos\phonebook\PhoneBook β1.0\obj\x64\Release\ilc\intermediate\BuildInfo\BuildInfo.res"" ""C:\Users\steffen.xuan\source\repos\phonebook\PhoneBook β1.0\obj\x64\Release\ilc\intermediate\BuildInfo\BuildInfo.rc""'"
"Message",Low,"Microsoft (R) Windows (R) Resource Compiler Version 10.0.10011.16384"
"Message",Low,"Copyright (C) Microsoft Corporation.  All rights reserved."
"Message",Normal,"'C:\Program Files (x86)\Windows Kits\10\bin\x64\rc.exe /c ""65001"" /r /fo ""C:\Users\steffen.xuan\source\repos\phonebook\PhoneBook β1.0\obj\x64\Release\ilc\intermediate\BuildInfo\BuildInfo.res"" ""C:\Users\steffen.xuan\source\repos\phonebook\PhoneBook β1.0\obj\x64\Release\ilc\intermediate\BuildInfo\BuildInfo.rc""' completed."
"Message",Normal,"Process execution statistics (all times in milliseconds)"
"Message",Normal,"-----------------------------------------------------------------------------"
"Message",Normal,"launch  |  start   |   stop   |   end    | duration | lifetime | [slot] name"
"Message",Normal,"-----------------------------------------------------------------------------"
"Message",Normal,"       0 |        0 |       47 |       47 |       47 |       47 | [0] rc"
"Message",Normal,"Number of commands:      1"
"Message",Normal,"Total system time:       47 ms"
"Message",Normal,"System time per command: 47 ms"
"Message",Normal,"Total duration:          47 ms"
"Message",Normal,"Total lifetime:          47 ms"
"Message",Normal,"Requested DOP:           4"
"Message",Normal,"Duration DOP:            1.0"
"Message",Normal,"Lifetime DOP:            1.0"
"Message",Low,"已完成执行任务 ""rc""。"
"Message",Low,"任务 ""ResourceBinaryConcatenate"""
"Message",Normal,"Concatenating into 'C:\Users\steffen.xuan\source\repos\phonebook\PhoneBook β1.0\obj\x64\Release\ilc\intermediate\Native.res' with alignment '4'."
"Message",Normal," Added 'C:\Users\steffen.xuan\source\repos\phonebook\PhoneBook β1.0\obj\x64\Release\ilc\intermediate\ILTransformed\PhoneBook β1.0.res' at offset 0."
"Message",Normal," Added 'C:\Users\steffen.xuan\source\repos\phonebook\PhoneBook β1.0\obj\x64\Release\ilc\intermediate\BuildInfo\BuildInfo.res' at offset 1492."
"Message",Low,"已完成执行任务 ""ResourceBinaryConcatenate""。"
"Message",Low,"已完成在文件 ""Nutc"" 中生成目标 ""GenerateBuildInfo""。"
"Message",Low,"已完成生成项目 ""Nutc""。"
"Message",Low,""
"Message",Low,""
"Message",Low,"已完成在文件 ""Binder"" 中生成目标 ""MDILBindPrepare""。"
"Message",Low,""
"Message",High,"正在生成本机代码的链接地址信息"
"Message",Low,"任务 ""MDILBind"""
"Message",Normal,"Launching 'C:\Users\steffen.xuan\.nuget\packages\microsoft.net.native.compiler\1.7.1\tools\x64\ilc\Tools\rhbind.exe @""C:\Users\steffen.xuan\source\repos\phonebook\PhoneBook β1.0\obj\x64\Release\ilc\intermediate\rhbindargs.PhoneBook β1.0.rsp""'"
"Message",Low,"操作系统版本: 主版本: 6 次版本: 2"
"Message",Low,"MDIL: C:\Users\steffen.xuan\source\repos\phonebook\PhoneBook β1.0\obj\x64\Release\ilc\intermediate\MDIL\PhoneBook β1.0.mdilexe"
"Message",Low,"MDILPDB: C:\Users\steffen.xuan\source\repos\phonebook\PhoneBook β1.0\obj\x64\Release\ilc\intermediate\MDIL\PhoneBook β1.0.mdilpdb"
"Message",Low,"IL: C:\Users\steffen.xuan\source\repos\phonebook\PhoneBook β1.0\obj\x64\Release\ilc\intermediate\MDIL\PhoneBook β1.0.ilexe"
"Message",Low,"NI: C:\Users\steffen.xuan\source\repos\phonebook\PhoneBook β1.0\obj\x64\Release\ilc\intermediate\Native\PhoneBook _1.0.dll"
"Message",Low,"填充码: C:\Users\steffen.xuan\source\repos\phonebook\PhoneBook β1.0\obj\x64\Release\ilc\intermediate\Native\PhoneBook β1.0.exe"
"Message",Low,"REDHAWK_RUNTIME_DLL_NAME_A=mrt100_app.dll"
"Message",Low,"pdb: C:\Users\steffen.xuan\source\repos\phonebook\PhoneBook β1.0\obj\x64\Release\ilc\intermediate\Native\PhoneBook _1.0.pdb"
"Message",Low,"生成了 C:\Users\steffen.xuan\source\repos\phonebook\PhoneBook β1.0\obj\x64\Release\ilc\intermediate\Native\PhoneBook _1.0.dll (1.264 秒内)"
"Message",Normal,"'C:\Users\steffen.xuan\.nuget\packages\microsoft.net.native.compiler\1.7.1\tools\x64\ilc\Tools\rhbind.exe @""C:\Users\steffen.xuan\source\repos\phonebook\PhoneBook β1.0\obj\x64\Release\ilc\intermediate\rhbindargs.PhoneBook β1.0.rsp""' completed."
"Message",Normal,"Process execution statistics (all times in milliseconds)"
"Message",Normal,"-----------------------------------------------------------------------------"
"Message",Normal,"launch  |  start   |   stop   |   end    | duration | lifetime | [slot] name"
"Message",Normal,"-----------------------------------------------------------------------------"
"Message",Normal,"       0 |       16 |     1297 |     1297 |     1281 |     1297 | [0] rhbind PhoneBook β1.0"
"Message",Normal,"Number of commands:      1"
"Message",Normal,"Total system time:       1297 ms"
"Message",Normal,"System time per command: 1297 ms"
"Message",Normal,"Total duration:          1281 ms"
"Message",Normal,"Total lifetime:          1297 ms"
"Message",Normal,"Requested DOP:           4"
"Message",Normal,"Duration DOP:            1.0"
"Message",Normal,"Lifetime DOP:            1.0"
"Message",Low,"已完成执行任务 ""MDILBind""。"
"Message",Low,"已完成在文件 ""Binder"" 中生成目标 ""MDILBind""。"
"Message",Low,"已完成生成项目 ""Binder""。"
"Message",Low,""
"Message",Low,""
"Message",Low,"已完成在文件 ""Deployment"" 中生成目标 ""CopyNativeExecutablesToOutput""。"
"Message",Low,""
"Message",Low,"任务 ""TransformAppxManifest"""
"Message",Low,"已完成执行任务 ""TransformAppxManifest""。"
"Message",Low,"已完成在文件 ""Deployment"" 中生成目标 ""TransformAppxManifestAndAddCrt""。"
"Message",Low,""
"Message",Low,"已完成在文件 ""Deployment"" 中生成目标 ""CopyPackageResourceFileInRetailBuild""。"
"Message",Low,"已完成生成项目 ""Deployment""。"
"Message",Low,"编译已完成"
